<?xml version="1.0" encoding="UTF-8"?>
<beans xmlns="http://www.springframework.org/schema/beans"
	xmlns:xsi="http://www.w3.org/2001/XMLSchema-instance"
	xmlns:context="http://www.springframework.org/schema/context"
	xmlns:tx="http://www.springframework.org/schema/tx"
	xmlns:mvc="http://www.springframework.org/schema/mvc"
	xmlns:jpa="http://www.springframework.org/schema/data/jpa"
	xsi:schemaLocation="
		http://www.springframework.org/schema/beans
		http://www.springframework.org/schema/beans/spring-beans.xsd
		http://www.springframework.org/schema/context
		http://www.springframework.org/schema/context/spring-context.xsd
		http://www.springframework.org/schema/mvc
		http://www.springframework.org/schema/mvc/spring-mvc.xsd
		http://www.springframework.org/schema/tx 
		http://www.springframework.org/schema/tx/spring-tx.xsd
		http://www.springframework.org/schema/data/jpa 
		http://www.springframework.org/schema/data/jpa/spring-jpa.xsd">

	<!-- Add support for component scanning -->
	<context:annotation-config />
	<context:component-scan base-package="fpt.fa" />

	<!-- Add support for conversion, formatting and validation support -->
	<mvc:annotation-driven />

	<!-- Define Spring MVC view resolver -->
	<bean
		class="org.springframework.web.servlet.view.InternalResourceViewResolver">
		<property name="prefix" value="/WEB-INF/views/" />
		<property name="suffix" value=".jsp" />
	</bean>

	<!-- Step 1: Define Database DataSource -->
	<bean id="dataSource"
		class="org.springframework.jdbc.datasource.DriverManagerDataSource">
		<property name="driverClassName"
			value="com.microsoft.sqlserver.jdbc.SQLServerDriver" />
		<property name="url"
			value="jdbc:sqlserver://localhost:1433;databaseName=petvaccine" />
		<property name="username" value="sa" />
		<property name="password" value="123456" />
	</bean>

	<!-- Step 2: Entity Manager Factory Configuration -->
	<bean name="entityManagerFactory"
		class="org.springframework.orm.jpa.LocalContainerEntityManagerFactoryBean">
		<property name="dataSource" ref="dataSource"></property>
		<property name="packagesToScan" value="fpt.fa.entity"></property>
		<property name="jpaVendorAdapter">
			<bean
				class="org.springframework.orm.jpa.vendor.HibernateJpaVendorAdapter">
			</bean>
		</property>
		<property name="jpaProperties">
			<props>
				<prop key="hibernate.dialect">org.hibernate.dialect.SQLServer2012Dialect</prop>
				<prop key="hibernate.show_sql">true</prop>
				<!-- create/update/create-drop -->
				<prop key="hibernate.hbm2ddl.auto">update</prop>
			</props>
		</property>
	</bean>
	<!-- Step 3: Setup JPA transaction manager -->
	<!-- Transaction for jpa -->
	<bean id="transactionManager"
		class="org.springframework.orm.jpa.JpaTransactionManager">
		<property name="entityManagerFactory"
			ref="entityManagerFactory" />
	</bean>
	<!-- Step 4: Enable configuration of transactional behavior based on annotations -->
	<tx:annotation-driven
		transaction-manager="transactionManager" />

	<jpa:repositories base-package="fpt.fa.repository"></jpa:repositories>

	<!-- Add support for reading web resources: css, images, js, etc ... -->
	<mvc:resources location="/assets/"
		mapping="/resources/**"></mvc:resources>

</beans>